axis	sign	index	u_num	u_den	v_num	v_den
0	-1	0	-100664066647544053976674041269719	465941792049126443124260864000000	13586621	80000000
0	-1	1	-9439183697870312145355315744093841	43991789781851520035612262400000000	95106347	640000000
0	-1	2	-13586621	64000000	290596581023606991902622863881203	2090531239054307995458469888000000
0	-1	3	-441137788281389523691295673818033	2106674709767479589437702144000000	40759863	320000000
0	-1	4	-3934788149238388357117360571332279	19526669026130532801512996864000000	13586621	128000000
0	-1	5	-21332055272915042450878226943875847	110962325575952184923861811200000000	13586621	160000000
0	-1	6	-122279589	640000000	4887457290437735258332132193407991	59105708657146061543587184640000000
0	-1	7	-2417728572704592305141459555122279	13390014918842632556605603840000000	40759863	640000000
0	-1	8	-13586621	80000000	119316275330942761931695741354533	2626365825203601368321884160000000
0	-1	9	-17342737117050608628030340389431377	103220885668482396935075921920000000	13586621	320000000
0	-1	10	-357747170255679019124120369236063	2329295397131464774869057536000000	13586621	640000000
0	-1	11	-95106347	640000000	120759457826413844685630693590051	8424312792890463203859890176000000
0	-1	12	-969333861123494091781360027768587	7031255731194044524024299520000000	0	1
0	-1	13	-40759863	320000000	-7378262838620446705744456783983	551668556849542100236107776000000
0	-1	14	-262525741216783826584027173290879	2169977768480933796109300531200000	-13586621	640000000
0	-1	15	-13586621	128000000	-446258393270396996281487218839071	11538934793387555385801441280000000
0	-1	16	-26322522375652443901539180950471	256054046663883308211896320000000	-13586621	320000000
0	-1	17	-13586621	160000000	-596036670241907121575670465750687	9636671887106640964292182016000000
0	-1	18	-4175276820043376659157162112469723	50211410195118380568396431360000000	-40759863	640000000
0	-1	19	-40759863	640000000	-4175276820043376659157162112469723	50211410195118380568396431360000000
0	-1	20	-596036670241907121575670465750687	9636671887106640964292182016000000	-13586621	160000000
0	-1	21	-13586621	320000000	-26322522375652443901539180950471	256054046663883308211896320000000
0	-1	22	-446258393270396996281487218839071	11538934793387555385801441280000000	-13586621	128000000
0	-1	23	-13586621	640000000	-262525741216783826584027173290879	2169977768480933796109300531200000
0	-1	24	-7378262838620446705744456783983	551668556849542100236107776000000	-40759863	320000000
0	-1	25	0	1	-969333861123494091781360027768587	7031255731194044524024299520000000
0	-1	26	120759457826413844685630693590051	8424312792890463203859890176000000	-95106347	640000000
0	-1	27	13586621	640000000	-357747170255679019124120369236063	2329295397131464774869057536000000
0	-1	28	13586621	320000000	-17342737117050608628030340389431377	103220885668482396935075921920000000
0	-1	29	119316275330942761931695741354533	2626365825203601368321884160000000	-13586621	80000000
0	-1	30	40759863	640000000	-2417728572704592305141459555122279	13390014918842632556605603840000000
0	-1	31	4887457290437735258332132193407991	59105708657146061543587184640000000	-122279589	640000000
0	-1	32	13586621	160000000	-21332055272915042450878226943875847	110962325575952184923861811200000000
0	-1	33	13586621	128000000	-3934788149238388357117360571332279	19526669026130532801512996864000000
0	-1	34	40759863	320000000	-441137788281389523691295673818033	2106674709767479589437702144000000
0	-1	35	290596581023606991902622863881203	2090531239054307995458469888000000	-13586621	64000000
0	-1	36	95106347	640000000	-9439183697870312145355315744093841	43991789781851520035612262400000000
0	-1	37	13586621	80000000	-100664066647544053976674041269719	465941792049126443124260864000000
0	-1	38	26608155679854423564906483166519	139479793812445894331596800000000	-13586621	64000000
0	-1	39	122279589	640000000	-3111046508704266214961329762450207	14660838072328322737965629440000000
0	-1	40	3111046508704266214961329762450207	14660838072328322737965629440000000	-122279589	640000000
0	-1	41	13586621	64000000	-26608155679854423564906483166519	139479793812445894331596800000000
0	-1	42	100664066647544053976674041269719	465941792049126443124260864000000	-13586621	80000000
0	-1	43	9439183697870312145355315744093841	43991789781851520035612262400000000	-95106347	640000000
0	-1	44	13586621	64000000	-290596581023606991902622863881203	2090531239054307995458469888000000
0	-1	45	441137788281389523691295673818033	2106674709767479589437702144000000	-40759863	320000000
0	-1	46	3934788149238388357117360571332279	19526669026130532801512996864000000	-13586621	128000000
0	-1	47	21332055272915042450878226943875847	110962325575952184923861811200000000	-13586621	160000000
0	-1	48	122279589	640000000	-4887457290437735258332132193407991	59105708657146061543587184640000000
0	-1	49	2417728572704592305141459555122279	13390014918842632556605603840000000	-40759863	640000000
0	-1	50	13586621	80000000	-119316275330942761931695741354533	2626365825203601368321884160000000
0	-1	51	17342737117050608628030340389431377	103220885668482396935075921920000000	-13586621	320000000
0	-1	52	357747170255679019124120369236063	2329295397131464774869057536000000	-13586621	640000000
0	-1	53	95106347	640000000	-120759457826413844685630693590051	8424312792890463203859890176000000
0	-1	54	969333861123494091781360027768587	7031255731194044524024299520000000	0	1
0	-1	55	40759863	320000000	7378262838620446705744456783983	551668556849542100236107776000000
0	-1	56	262525741216783826584027173290879	2169977768480933796109300531200000	13586621	640000000
0	-1	57	13586621	128000000	446258393270396996281487218839071	11538934793387555385801441280000000
0	-1	58	26322522375652443901539180950471	256054046663883308211896320000000	13586621	320000000
0	-1	59	13586621	160000000	596036670241907121575670465750687	9636671887106640964292182016000000
0	-1	60	4175276820043376659157162112469723	50211410195118380568396431360000000	40759863	640000000
0	-1	61	40759863	640000000	4175276820043376659157162112469723	50211410195118380568396431360000000
0	-1	62	596036670241907121575670465750687	9636671887106640964292182016000000	13586621	160000000
0	-1	63	13586621	320000000	26322522375652443901539180950471	256054046663883308211896320000000
0	-1	64	446258393270396996281487218839071	11538934793387555385801441280000000	13586621	128000000
0	-1	65	13586621	640000000	262525741216783826584027173290879	2169977768480933796109300531200000
0	-1	66	7378262838620446705744456783983	551668556849542100236107776000000	40759863	320000000
0	-1	67	0	1	969333861123494091781360027768587	7031255731194044524024299520000000
0	-1	68	-120759457826413844685630693590051	8424312792890463203859890176000000	95106347	640000000
0	-1	69	-13586621	640000000	357747170255679019124120369236063	2329295397131464774869057536000000
0	-1	70	-13586621	320000000	17342737117050608628030340389431377	103220885668482396935075921920000000
0	-1	71	-119316275330942761931695741354533	2626365825203601368321884160000000	13586621	80000000
0	-1	72	-40759863	640000000	2417728572704592305141459555122279	13390014918842632556605603840000000
0	-1	73	-4887457290437735258332132193407991	59105708657146061543587184640000000	122279589	640000000
0	-1	74	-13586621	160000000	21332055272915042450878226943875847	110962325575952184923861811200000000
0	-1	75	-13586621	128000000	3934788149238388357117360571332279	19526669026130532801512996864000000
0	-1	76	-40759863	320000000	441137788281389523691295673818033	2106674709767479589437702144000000
0	-1	77	-290596581023606991902622863881203	2090531239054307995458469888000000	13586621	64000000
0	-1	78	-95106347	640000000	9439183697870312145355315744093841	43991789781851520035612262400000000
0	-1	79	-13586621	80000000	100664066647544053976674041269719	465941792049126443124260864000000
0	-1	80	-26608155679854423564906483166519	139479793812445894331596800000000	13586621	64000000
0	-1	81	-122279589	640000000	3111046508704266214961329762450207	14660838072328322737965629440000000
0	-1	82	-3111046508704266214961329762450207	14660838072328322737965629440000000	122279589	640000000
0	-1	83	-13586621	64000000	26608155679854423564906483166519	139479793812445894331596800000000
0	1	0	-15807332104782420678333078980680009	73360915856747665179646361600000000	-12701146562354489274811895437220169	73360915856747665179646361600000000
0	1	1	-12897199831547156827784645461107139	60862450797792535076761763840000000	-7621407	40000000
0	1	2	-4074991725612307394985303501495841	19233893759060549368241192960000000	-3667799135244084105043750707846689	19233893759060549368241192960000000
0	1	3	-846823	4000000	-5694119481863192649039000110603971	29820422064839621005709148160000000
0	1	4	-828529137954917794992801763374621	4076240685061185936451174400000000	-828529137954917794992801763374621	4076240685061185936451174400000000
0	1	5	-5694119481863192649039000110603971	29820422064839621005709148160000000	-846823	4000000
0	1	6	-3667799135244084105043750707846689	19233893759060549368241192960000000	-4074991725612307394985303501495841	19233893759060549368241192960000000
0	1	7	-7621407	40000000	-12897199831547156827784645461107139	60862450797792535076761763840000000
0	1	8	-12701146562354489274811895437220169	73360915856747665179646361600000000	-15807332104782420678333078980680009	73360915856747665179646361600000000
0	1	9	-846823	5000000	-97370935922796961382683040325599	452022760475930298188562432000000
0	1	10	-100084905044227345714137211884843	664180952492823580214558720000000	-28453636609837924282847941261167	132836190498564716042911744000000
0	1	11	-5927761	40000000	-2357780723953880334812217571288439	11034376687296321774388510720000000
0	1	12	-1558037332504918931883069579074427	11101418622729018039190159360000000	-846823	4000000
0	1	13	-2540469	20000000	-8807953099813569843235638746605299	42304559798493043819481661440000000
0	1	14	-223621162289069514643826080744157	1833319157174963963103805440000000	-378870845152706965456571464155869	1833319157174963963103805440000000
0	1	15	-846823	8000000	-153610264463462940629475561049931	767464671752853767973765120000000
0	1	16	-146145434629349394948099815229263	1715271480065476750223605760000000	-327711852199785297204925377791823	1715271480065476750223605760000000
0	1	17	-846823	10000000	-5333843634238426038169943492332209	27956607383138154993239982080000000
0	1	18	-1278959170497918496306017371628251	15187310161866791478886400000000000	-7621407	40000000
0	1	19	-2540469	40000000	-19325649387766883184440210954149907	108037416640608871372722012160000000
0	1	20	-768649775921062255050245815113597	16153852930120316247101931520000000	-846823	5000000
0	1	21	-846823	20000000	-721149288630783950169541258328237	4341393480022149559935303680000000
0	1	22	-292934413796537035879573293399053	8916626508074099911625277440000000	-1425555075213562062298911141035021	8916626508074099911625277440000000
0	1	23	-846823	40000000	-8929192582033282202988931892524963	58850967329439191006854512640000000
0	1	24	-467970957072123238105270332394679	28655491514208438953107783680000000	-5927761	40000000
0	1	25	0	1	-15458601313427562071645416321890439	113794404620170878106457866240000000
0	1	26	12881312655366952383848909097017	1152920693840694559092244480000000	-2540469	20000000
0	1	27	846823	40000000	-815885511995204435785417279218601	6865745112099901864662794240000000
0	1	28	213425812474064821740628586192267	5869360915520018197312962560000000	-846823	8000000
0	1	29	846823	20000000	-887200155023034892256225813900209	8823592827796888883172474880000000
0	1	30	121368316280840987163215892625259	2039639309521150450891489280000000	-846823	10000000
0	1	31	2540469	40000000	-367702386620777385644075054229	4548971099904816029735321600000
0	1	32	367702386620777385644075054229	4548971099904816029735321600000	-2540469	40000000
0	1	33	846823	10000000	-121368316280840987163215892625259	2039639309521150450891489280000000
0	1	34	887200155023034892256225813900209	8823592827796888883172474880000000	-846823	20000000
0	1	35	846823	8000000	-213425812474064821740628586192267	5869360915520018197312962560000000
0	1	36	815885511995204435785417279218601	6865745112099901864662794240000000	-846823	40000000
0	1	37	2540469	20000000	-12881312655366952383848909097017	1152920693840694559092244480000000
0	1	38	15458601313427562071645416321890439	113794404620170878106457866240000000	0	1
0	1	39	5927761	40000000	467970957072123238105270332394679	28655491514208438953107783680000000
0	1	40	8929192582033282202988931892524963	58850967329439191006854512640000000	846823	40000000
0	1	41	1425555075213562062298911141035021	8916626508074099911625277440000000	292934413796537035879573293399053	8916626508074099911625277440000000
0	1	42	721149288630783950169541258328237	4341393480022149559935303680000000	846823	20000000
0	1	43	846823	5000000	768649775921062255050245815113597	16153852930120316247101931520000000
0	1	44	19325649387766883184440210954149907	108037416640608871372722012160000000	2540469	40000000
0	1	45	7621407	40000000	1278959170497918496306017371628251	15187310161866791478886400000000000
0	1	46	5333843634238426038169943492332209	27956607383138154993239982080000000	846823	10000000
0	1	47	327711852199785297204925377791823	1715271480065476750223605760000000	146145434629349394948099815229263	1715271480065476750223605760000000
0	1	48	153610264463462940629475561049931	767464671752853767973765120000000	846823	8000000
0	1	49	378870845152706965456571464155869	1833319157174963963103805440000000	223621162289069514643826080744157	1833319157174963963103805440000000
0	1	50	8807953099813569843235638746605299	42304559798493043819481661440000000	2540469	20000000
0	1	51	846823	4000000	1558037332504918931883069579074427	11101418622729018039190159360000000
0	1	52	2357780723953880334812217571288439	11034376687296321774388510720000000	5927761	40000000
0	1	53	28453636609837924282847941261167	132836190498564716042911744000000	100084905044227345714137211884843	664180952492823580214558720000000
0	1	54	97370935922796961382683040325599	452022760475930298188562432000000	846823	5000000
0	1	55	15807332104782420678333078980680009	73360915856747665179646361600000000	12701146562354489274811895437220169	73360915856747665179646361600000000
0	1	56	12897199831547156827784645461107139	60862450797792535076761763840000000	7621407	40000000
0	1	57	4074991725612307394985303501495841	19233893759060549368241192960000000	3667799135244084105043750707846689	19233893759060549368241192960000000
0	1	58	846823	4000000	5694119481863192649039000110603971	29820422064839621005709148160000000
0	1	59	828529137954917794992801763374621	4076240685061185936451174400000000	828529137954917794992801763374621	4076240685061185936451174400000000
0	1	60	5694119481863192649039000110603971	29820422064839621005709148160000000	846823	4000000
0	1	61	3667799135244084105043750707846689	19233893759060549368241192960000000	4074991725612307394985303501495841	19233893759060549368241192960000000
0	1	62	7621407	40000000	12897199831547156827784645461107139	60862450797792535076761763840000000
0	1	63	12701146562354489274811895437220169	73360915856747665179646361600000000	15807332104782420678333078980680009	73360915856747665179646361600000000
0	1	64	846823	5000000	97370935922796961382683040325599	452022760475930298188562432000000
0	1	65	100084905044227345714137211884843	664180952492823580214558720000000	28453636609837924282847941261167	132836190498564716042911744000000
0	1	66	5927761	40000000	2357780723953880334812217571288439	11034376687296321774388510720000000
0	1	67	1558037332504918931883069579074427	11101418622729018039190159360000000	846823	4000000
0	1	68	2540469	20000000	8807953099813569843235638746605299	42304559798493043819481661440000000
0	1	69	223621162289069514643826080744157	1833319157174963963103805440000000	378870845152706965456571464155869	1833319157174963963103805440000000
0	1	70	846823	8000000	153610264463462940629475561049931	767464671752853767973765120000000
0	1	71	146145434629349394948099815229263	1715271480065476750223605760000000	327711852199785297204925377791823	1715271480065476750223605760000000
0	1	72	846823	10000000	5333843634238426038169943492332209	27956607383138154993239982080000000
0	1	73	1278959170497918496306017371628251	15187310161866791478886400000000000	7621407	40000000
0	1	74	2540469	40000000	19325649387766883184440210954149907	108037416640608871372722012160000000
0	1	75	768649775921062255050245815113597	16153852930120316247101931520000000	846823	5000000
0	1	76	846823	20000000	721149288630783950169541258328237	4341393480022149559935303680000000
0	1	77	292934413796537035879573293399053	8916626508074099911625277440000000	1425555075213562062298911141035021	8916626508074099911625277440000000
0	1	78	846823	40000000	8929192582033282202988931892524963	58850967329439191006854512640000000
0	1	79	467970957072123238105270332394679	28655491514208438953107783680000000	5927761	40000000
0	1	80	0	1	15458601313427562071645416321890439	113794404620170878106457866240000000
0	1	81	-12881312655366952383848909097017	1152920693840694559092244480000000	2540469	20000000
0	1	82	-846823	40000000	815885511995204435785417279218601	6865745112099901864662794240000000
0	1	83	-213425812474064821740628586192267	5869360915520018197312962560000000	846823	8000000
0	1	84	-846823	20000000	887200155023034892256225813900209	8823592827796888883172474880000000
0	1	85	-121368316280840987163215892625259	2039639309521150450891489280000000	846823	10000000
0	1	86	-2540469	40000000	367702386620777385644075054229	4548971099904816029735321600000
0	1	87	-367702386620777385644075054229	4548971099904816029735321600000	2540469	40000000
0	1	88	-846823	10000000	121368316280840987163215892625259	2039639309521150450891489280000000
0	1	89	-887200155023034892256225813900209	8823592827796888883172474880000000	846823	20000000
0	1	90	-846823	8000000	213425812474064821740628586192267	5869360915520018197312962560000000
0	1	91	-815885511995204435785417279218601	6865745112099901864662794240000000	846823	40000000
0	1	92	-2540469	20000000	12881312655366952383848909097017	1152920693840694559092244480000000
0	1	93	-15458601313427562071645416321890439	113794404620170878106457866240000000	0	1
0	1	94	-5927761	40000000	-467970957072123238105270332394679	28655491514208438953107783680000000
0	1	95	-8929192582033282202988931892524963	58850967329439191006854512640000000	-846823	40000000
0	1	96	-1425555075213562062298911141035021	8916626508074099911625277440000000	-292934413796537035879573293399053	8916626508074099911625277440000000
0	1	97	-721149288630783950169541258328237	4341393480022149559935303680000000	-846823	20000000
0	1	98	-846823	5000000	-768649775921062255050245815113597	16153852930120316247101931520000000
0	1	99	-19325649387766883184440210954149907	108037416640608871372722012160000000	-2540469	40000000
0	1	100	-7621407	40000000	-1278959170497918496306017371628251	15187310161866791478886400000000000
0	1	101	-5333843634238426038169943492332209	27956607383138154993239982080000000	-846823	10000000
0	1	102	-327711852199785297204925377791823	1715271480065476750223605760000000	-146145434629349394948099815229263	1715271480065476750223605760000000
0	1	103	-153610264463462940629475561049931	767464671752853767973765120000000	-846823	8000000
0	1	104	-378870845152706965456571464155869	1833319157174963963103805440000000	-223621162289069514643826080744157	1833319157174963963103805440000000
0	1	105	-8807953099813569843235638746605299	42304559798493043819481661440000000	-2540469	20000000
0	1	106	-846823	4000000	-1558037332504918931883069579074427	11101418622729018039190159360000000
0	1	107	-2357780723953880334812217571288439	11034376687296321774388510720000000	-5927761	40000000
0	1	108	-28453636609837924282847941261167	132836190498564716042911744000000	-100084905044227345714137211884843	664180952492823580214558720000000
0	1	109	-97370935922796961382683040325599	452022760475930298188562432000000	-846823	5000000
1	-1	0	-915886961715442332759222341263363	4721785129298620223844253696000000	95425967	640000000
1	-1	1	-63347289435478990673068809282831	330042596726400011510743040000000	40896843	320000000
1	-1	2	-122690529	640000000	11947346419774184944311343325019	94084918697067933304094720000000
1	-1	3	-1247350469831605339895486155205093	6721453217443736385675591680000000	13632281	128000000
1	-1	4	-139092322291040148676567054342379	785532736417770031863037952000000	13632281	160000000
1	-1	5	-13632281	80000000	1622013981104805247292088458575833	22728937999034963044524359680000000
1	-1	6	-3763689187218737373532245349291073	22585225009084029650453135360000000	40896843	640000000
1	-1	7	-4005591336753733766874211699611907	25973144280220961241615564800000000	13632281	320000000
1	-1	8	-95425967	640000000	193304427887818325061370873493239	5578690946693918381278494720000000
1	-1	9	-7000226321527451190135345062034191	49948717115636923423585730560000000	13632281	640000000
1	-1	10	-40896843	320000000	23100811358410840436020862093117	5913574746266444813062635520000000
1	-1	11	-2993460887932166619172039410710773	23965180198871588035310387200000000	0	1
1	-1	12	-295320743778222206775469245298593	2733730505677312898728198144000000	-13632281	640000000
1	-1	13	-13632281	128000000	-44550922455392855096405994585967	1928232162164532405128396800000000
1	-1	14	-235163163697300780446841357691129	2631794683912674684631515136000000	-13632281	320000000
1	-1	15	-13632281	160000000	-1138393919394312531286883269620991	24156078605356453559617454080000000
1	-1	16	-583271249141904468117098080778481	8431275319694016803042754560000000	-40896843	640000000
1	-1	17	-40896843	640000000	-3484310346229208360840624216990113	50347893772450655744640942080000000
1	-1	18	-1148049545652323821516157977044309	24267365755089130253304463360000000	-13632281	160000000
1	-1	19	-13632281	320000000	-4691282042744133982929288963447299	52379860213753446533546639360000000
1	-1	20	-136649046335595891483081645263983	5810261097690513238004858880000000	-13632281	128000000
1	-1	21	-13632281	640000000	-46071252652465568345526266469391	425025294189994349722337280000000
1	-1	22	0	1	-5981676026424537697101310832771333	47658837326656374707155107840000000
1	-1	23	54586592492604167889078972314199	17823597012326472661828894720000000	-40896843	320000000
1	-1	24	13632281	640000000	-6996630431622470254132500422579819	49662749122667949255703920640000000
1	-1	25	749283837746045486829041502458567	22411620584229776169977774080000000	-95425967	640000000
1	-1	26	13632281	320000000	-19068065057647409367859163257941	122968672080689825778237440000000
1	-1	27	40896843	640000000	-7527520834674466462443407712485869	44870663399906270816449331200000000
1	-1	28	25237998152131006718605201391973	365295250904320359970730147840000	-13632281	80000000
1	-1	29	13632281	160000000	-1669115028528318180831173786146619	9363919107051714977070055424000000
1	-1	30	13632281	128000000	-7485856776551124960951035278574999	40015860970563489947556249600000000
1	-1	31	1473632266572514378017963366904179	12099180080938285818361937920000000	-122690529	640000000
1	-1	32	40896843	320000000	-1158421367291868897771497796020973	5988698542541553288400076800000000
1	-1	33	95425967	640000000	-3435130301112304655245613815697749	17544080894578059194558054400000000
1	-1	34	13632281	80000000	-1088616635708369544330435194457261	5648510211174513435270447104000000
1	-1	35	4874547850770949982279094879196903	28266738631745276675075604480000000	-122690529	640000000
1	-1	36	1004983412150586852068113584423621	5245004771630338178306539520000000	-13632281	80000000
1	-1	37	122690529	640000000	-8420226807280596748895077447187	49561410395573691632058368000000
1	-1	38	295263228460137806209721437031473	1522320255519724778867916800000000	-95425967	640000000
1	-1	39	122690529	640000000	-313487271154968368396523092728923	2378918820461633968285941760000000
1	-1	40	13241401955945234843261995915526177	69269766934905100785428725760000000	-40896843	320000000
1	-1	41	1909306893628155992637039330279179	10359477978115924108781813760000000	-13632281	128000000
1	-1	42	8464594862983000990476153081114119	48221470023281360652185108480000000	-13632281	160000000
1	-1	43	13632281	80000000	-1207304933351247470871966164265287	16109133227365198294029434880000000
1	-1	44	507722063716329046943580188916787	3084066756138742711119249408000000	-40896843	640000000
1	-1	45	3226243141082800650466028558994809	21204791837989918766230667264000000	-13632281	320000000
1	-1	46	95425967	640000000	-2649593010775662608834750456789531	69779074925109060723151994880000000
1	-1	47	14048680541726161338716643288735113	102030315589064095006562713600000000	-13632281	640000000
1	-1	48	40896843	320000000	-187403960386755487830761701267489	24600036085471351697089495040000000
1	-1	49	11961378551681849082400692422255921	97994720713959864174714552320000000	0	1
1	-1	50	13632281	128000000	1525615219672069615251898745982209	77846026569418404841274736640000000
1	-1	51	9870747115607298880261881143001527	93926213906645132824260116480000000	13632281	640000000
1	-1	52	4634738008375847419186464343723337	53673104448496068758507356160000000	13632281	320000000
1	-1	53	13632281	160000000	2178719504670860563794234781791043	49694046326634450988281364480000000
1	-1	54	6803264329341925074464695142735253	103249961763495738046467276800000000	40896843	640000000
1	-1	55	40896843	640000000	6815941431745159619221563563561001	103448365890202054995036078080000000
1	-1	56	72294011330038544092313101575357	1652400194268414137262407680000000	13632281	160000000
1	-1	57	13632281	320000000	1626840689975554154709642096977	18859262110371266218793369600000
1	-1	58	13632281	640000000	4934042268948693062407743932871151	47039073229555421033204285440000000
1	-1	59	499910742532693677761052964503523	25838347262105589530052526080000000	13632281	128000000
1	-1	60	0	1	796440223047886003254263174035561	6539936861998022927656681472000000
1	-1	61	-118058647448921947007658234814569	14685550133163363656322252800000000	40896843	320000000
1	-1	62	-13632281	640000000	3504955828582943756809230868807203	25521542176858751567774351360000000
1	-1	63	-111581135602097606959241688423897	2890286732629941698449899520000000	95425967	640000000
1	-1	64	-13632281	320000000	4021584066608924716414275172339681	26507649313579331480662835200000000
1	-1	65	-40896843	640000000	7588608896708765528731691129542223	46264899256006102822514851840000000
1	-1	66	-303881662039613895870530472343829	3986820177972289367913267200000000	13632281	80000000
1	-1	67	-13632281	160000000	4214032377643113192688636577976621	24100302206337182257465262080000000
1	-1	68	-13632281	128000000	1519045114044153210377204519759929	8283557457942999637514256384000000
1	-1	69	-40896843	320000000	205403792294745884077206399415481	1081735167824068875848253440000000
1	-1	70	-1267800976334637326139650794590391	8935630663847439762414632960000000	122690529	640000000
1	-1	71	-95425967	640000000	7027797340819353226353214843802709	36491645450593050550662594560000000
1	-1	72	-267472439865061295848541239496003	1707318844720390574096515072000000	122690529	640000000
1	-1	73	-13632281	80000000	7919683498917168061822346572149917	41924541375112572656471244800000000
1	-1	74	-2512699404520479503675578077212981	13228314094984246088507064320000000	13632281	80000000
1	-1	75	-122690529	640000000	1773712613639068362948397077674573	10817362290117174884135075840000000
1	1	0	-879178524909781965525694200122673	4530295451810821181680910336000000	-3430919802484736809043686281298421	22651477259054105908404551680000000
1	1	1	-122690529	640000000	-1773712613639068362948397077674573	10817362290117174884135075840000000
1	1	2	-12233918763944969965453566459015993	64180367822138791538154536960000000	-10866848750140666797877715100791609	64180367822138791538154536960000000
1	1	3	-2512699404520479503675578077212981	13228314094984246088507064320000000	-13632281	80000000
1	1	4	-1029037792023955468193125154505203	5659821965799099010981560320000000	-1029037792023955468193125154505203	5659821965799099010981560320000000
1	1	5	-13632281	80000000	-7919683498917168061822346572149917	41924541375112572656471244800000000
1	1	6	-5405151780615990876228771520540637	32064467176448989432454840320000000	-1217627801955894802154896461311993	6412893435289797886490968064000000
1	1	7	-267472439865061295848541239496003	1707318844720390574096515072000000	-122690529	640000000
1	1	8	-3393723436848322751402285897634461	22616907608588643613225779200000000	-4357223561446192761228376955441821	22616907608588643613225779200000000
1	1	9	-95425967	640000000	-7027797340819353226353214843802709	36491645450593050550662594560000000
1	1	10	-1267800976334637326139650794590391	8935630663847439762414632960000000	-122690529	640000000
1	1	11	-40896843	320000000	-205403792294745884077206399415481	1081735167824068875848253440000000
1	1	12	-7084687126563413047156797537004627	56420306407330889975086448640000000	-2138003804422840564544292132856439	11284061281466177995017289728000000
1	1	13	-13632281	128000000	-1519045114044153210377204519759929	8283557457942999637514256384000000
1	1	14	-1225815450157569986662168462478833	13126756441837871987634995200000000	-2344238152868157657771348337479153	13126756441837871987634995200000000
1	1	15	-13632281	160000000	-4214032377643113192688636577976621	24100302206337182257465262080000000
1	1	16	-303881662039613895870530472343829	3986820177972289367913267200000000	-13632281	80000000
1	1	17	-40896843	640000000	-7588608896708765528731691129542223	46264899256006102822514851840000000
1	1	18	-167560170122613264084097977395629	3390675187094478082392719360000000	-528674521139796848205337842002349	3390675187094478082392719360000000
1	1	19	-13632281	320000000	-4021584066608924716414275172339681	26507649313579331480662835200000000
1	1	20	-111581135602097606959241688423897	2890286732629941698449899520000000	-95425967	640000000
1	1	21	-13632281	640000000	-3504955828582943756809230868807203	25521542176858751567774351360000000
1	1	22	-118058647448921947007658234814569	14685550133163363656322252800000000	-40896843	320000000
1	1	23	0	1	-796440223047886003254263174035561	6539936861998022927656681472000000
1	1	24	499910742532693677761052964503523	25838347262105589530052526080000000	-13632281	128000000
1	1	25	13632281	640000000	-4934042268948693062407743932871151	47039073229555421033204285440000000
1	1	26	5480015384673238036287659517349	163941097726357502123048960000000	-3094417757416914721616530595551	32788219545271500424609792000000
1	1	27	13632281	320000000	-1626840689975554154709642096977	18859262110371266218793369600000
1	1	28	72294011330038544092313101575357	1652400194268414137262407680000000	-13632281	160000000
1	1	29	40896843	640000000	-6815941431745159619221563563561001	103448365890202054995036078080000000
1	1	30	6803264329341925074464695142735253	103249961763495738046467276800000000	-40896843	640000000
1	1	31	13632281	160000000	-2178719504670860563794234781791043	49694046326634450988281364480000000
1	1	32	4634738008375847419186464343723337	53673104448496068758507356160000000	-13632281	320000000
1	1	33	573904385505800897049415584795017	6009717362224543349866496000000000	-194153325235671853344909908555383	6009717362224543349866496000000000
1	1	34	9870747115607298880261881143001527	93926213906645132824260116480000000	-13632281	640000000
1	1	35	13632281	128000000	-1525615219672069615251898745982209	77846026569418404841274736640000000
1	1	36	11961378551681849082400692422255921	97994720713959864174714552320000000	0	1
1	1	37	40896843	320000000	187403960386755487830761701267489	24600036085471351697089495040000000
1	1	38	14048680541726161338716643288735113	102030315589064095006562713600000000	13632281	640000000
1	1	39	95425967	640000000	2649593010775662608834750456789531	69779074925109060723151994880000000
1	1	40	3226243141082800650466028558994809	21204791837989918766230667264000000	13632281	320000000
1	1	41	6321905378888313391239898108615507	40231041231652840813342228480000000	2037211168009581981741852735134547	40231041231652840813342228480000000
1	1	42	507722063716329046943580188916787	3084066756138742711119249408000000	40896843	640000000
1	1	43	13632281	80000000	1207304933351247470871966164265287	16109133227365198294029434880000000
1	1	44	8464594862983000990476153081114119	48221470023281360652185108480000000	13632281	160000000
1	1	45	1170184193909145109819044699372091	6503579366194811794012241920000000	616067809998085265330988453788219	6503579366194811794012241920000000
1	1	46	1909306893628155992637039330279179	10359477978115924108781813760000000	13632281	128000000
1	1	47	10680181865816122268413227124658203	55909402236800370589764157440000000	284299896788752792089566450370643	2236376089472014823590566297600000
1	1	48	13241401955945234843261995915526177	69269766934905100785428725760000000	40896843	320000000
1	1	49	122690529	640000000	313487271154968368396523092728923	2378918820461633968285941760000000
1	1	50	295263228460137806209721437031473	1522320255519724778867916800000000	95425967	640000000
1	1	51	1634006525113406479529628655559593	8416271907046928231715307520000000	1275465951334438961274703080203177	8416271907046928231715307520000000
1	1	52	122690529	640000000	8420226807280596748895077447187	49561410395573691632058368000000
1	1	53	50752200354841624815699456916779	264830405044254459799011328000000	225555982251496450395033800634839	1324152025221272298995056640000000
1	1	54	1004983412150586852068113584423621	5245004771630338178306539520000000	13632281	80000000
1	1	55	12360989827523685634273092120437617	67322047240449934906884096000000000	12360989827523685634273092120437617	67322047240449934906884096000000000
1	1	56	4874547850770949982279094879196903	28266738631745276675075604480000000	122690529	640000000
1	1	57	6081585893776590353862758826397601	35519945831510447533231964160000000	1367635267092795906775293944532973	7103989166302089506646392832000000
1	1	58	13632281	80000000	1088616635708369544330435194457261	5648510211174513435270447104000000
1	1	59	5160049146715705031100030583320353	33643275489978431834580582400000000	6593282225590075864563618134634273	33643275489978431834580582400000000
1	1	60	95425967	640000000	3435130301112304655245613815697749	17544080894578059194558054400000000
1	1	61	206473794372980509019640887688213	1587167487006103437421051904000000	1539479436949224047613587911978089	7935837435030517187105259520000000
1	1	62	40896843	320000000	1158421367291868897771497796020973	5988698542541553288400076800000000
1	1	63	1473632266572514378017963366904179	12099180080938285818361937920000000	122690529	640000000
1	1	64	13632281	128000000	7485856776551124960951035278574999	40015860970563489947556249600000000
1	1	65	5159489109600692719204083298444861	51922610199750496831489966080000000	9583386687703598361057088712713789	51922610199750496831489966080000000
1	1	66	13632281	160000000	1669115028528318180831173786146619	9363919107051714977070055424000000
1	1	67	25237998152131006718605201391973	365295250904320359970730147840000	13632281	80000000
1	1	68	40896843	640000000	7527520834674466462443407712485869	44870663399906270816449331200000000
1	1	69	774801186472203690194886878322163	13360492230791280093864919040000000	2197722939507075429173581818912243	13360492230791280093864919040000000
1	1	70	13632281	320000000	19068065057647409367859163257941	122968672080689825778237440000000
1	1	71	749283837746045486829041502458567	22411620584229776169977774080000000	95425967	640000000
1	1	72	13632281	640000000	6996630431622470254132500422579819	49662749122667949255703920640000000
1	1	73	54586592492604167889078972314199	17823597012326472661828894720000000	40896843	320000000
1	1	74	0	1	5981676026424537697101310832771333	47658837326656374707155107840000000
1	1	75	-6813202803603956526941580090673	623030271151719783742832640000000	72811707144956397147197728826063	623030271151719783742832640000000
1	1	76	-13632281	640000000	46071252652465568345526266469391	425025294189994349722337280000000
1	1	77	-136649046335595891483081645263983	5810261097690513238004858880000000	13632281	128000000
1	1	78	-13632281	320000000	4691282042744133982929288963447299	52379860213753446533546639360000000
1	1	79	-1148049545652323821516157977044309	24267365755089130253304463360000000	13632281	160000000
1	1	80	-40896843	640000000	3484310346229208360840624216990113	50347893772450655744640942080000000
1	1	81	-583271249141904468117098080778481	8431275319694016803042754560000000	40896843	640000000
1	1	82	-13632281	160000000	1138393919394312531286883269620991	24156078605356453559617454080000000
1	1	83	-235163163697300780446841357691129	2631794683912674684631515136000000	13632281	320000000
1	1	84	-13632281	128000000	44550922455392855096405994585967	1928232162164532405128396800000000
1	1	85	-295320743778222206775469245298593	2733730505677312898728198144000000	13632281	640000000
1	1	86	-33166673757277905689481109427451	289596815726892776601681920000000	3844562199230421693372200004357	289596815726892776601681920000000
1	1	87	-2993460887932166619172039410710773	23965180198871588035310387200000000	0	1
1	1	88	-40896843	320000000	-23100811358410840436020862093117	5913574746266444813062635520000000
1	1	89	-7000226321527451190135345062034191	49948717115636923423585730560000000	-13632281	640000000
1	1	90	-95425967	640000000	-193304427887818325061370873493239	5578690946693918381278494720000000
1	1	91	-4005591336753733766874211699611907	25973144280220961241615564800000000	-13632281	320000000
1	1	92	-552935529695261699472312172009947	3410723782145922889825648640000000	-189685959292167919484536521480667	3410723782145922889825648640000000
1	1	93	-3763689187218737373532245349291073	22585225009084029650453135360000000	-40896843	640000000
1	1	94	-13632281	80000000	-1622013981104805247292088458575833	22728937999034963044524359680000000
1	1	95	-139092322291040148676567054342379	785532736417770031863037952000000	-13632281	160000000
1	1	96	-3203446356957908582903281496674811	17568902635608361882867466240000000	-1706544997018822363297416587039227	17568902635608361882867466240000000
1	1	97	-1247350469831605339895486155205093	6721453217443736385675591680000000	-13632281	128000000
1	1	98	-122690529	640000000	-11947346419774184944311343325019	94084918697067933304094720000000
1	1	99	-63347289435478990673068809282831	330042596726400011510743040000000	-40896843	320000000
1	1	100	-6879151067163118909187750118003	35826963111144424944435200000000	-4589760933533017194691109339763	35826963111144424944435200000000
1	1	101	-915886961715442332759222341263363	4721785129298620223844253696000000	-95425967	640000000
2	-1	0	-915886961715442332759222341263363	4721785129298620223844253696000000	95425967	640000000
2	-1	1	-63347289435478990673068809282831	330042596726400011510743040000000	40896843	320000000
2	-1	2	-122690529	640000000	11947346419774184944311343325019	94084918697067933304094720000000
2	-1	3	-1247350469831605339895486155205093	6721453217443736385675591680000000	13632281	128000000
2	-1	4	-139092322291040148676567054342379	785532736417770031863037952000000	13632281	160000000
2	-1	5	-13632281	80000000	1622013981104805247292088458575833	22728937999034963044524359680000000
2	-1	6	-3763689187218737373532245349291073	22585225009084029650453135360000000	40896843	640000000
2	-1	7	-4005591336753733766874211699611907	25973144280220961241615564800000000	13632281	320000000
2	-1	8	-95425967	640000000	193304427887818325061370873493239	5578690946693918381278494720000000
2	-1	9	-7000226321527451190135345062034191	49948717115636923423585730560000000	13632281	640000000
2	-1	10	-40896843	320000000	23100811358410840436020862093117	5913574746266444813062635520000000
2	-1	11	-2993460887932166619172039410710773	23965180198871588035310387200000000	0	1
2	-1	12	-295320743778222206775469245298593	2733730505677312898728198144000000	-13632281	640000000
2	-1	13	-13632281	128000000	-44550922455392855096405994585967	1928232162164532405128396800000000
2	-1	14	-235163163697300780446841357691129	2631794683912674684631515136000000	-13632281	320000000
2	-1	15	-13632281	160000000	-1138393919394312531286883269620991	24156078605356453559617454080000000
2	-1	16	-583271249141904468117098080778481	8431275319694016803042754560000000	-40896843	640000000
2	-1	17	-40896843	640000000	-3484310346229208360840624216990113	50347893772450655744640942080000000
2	-1	18	-1148049545652323821516157977044309	24267365755089130253304463360000000	-13632281	160000000
2	-1	19	-13632281	320000000	-4691282042744133982929288963447299	52379860213753446533546639360000000
2	-1	20	-136649046335595891483081645263983	5810261097690513238004858880000000	-13632281	128000000
2	-1	21	-13632281	640000000	-46071252652465568345526266469391	425025294189994349722337280000000
2	-1	22	0	1	-5981676026424537697101310832771333	47658837326656374707155107840000000
2	-1	23	54586592492604167889078972314199	17823597012326472661828894720000000	-40896843	320000000
2	-1	24	13632281	640000000	-6996630431622470254132500422579819	49662749122667949255703920640000000
2	-1	25	749283837746045486829041502458567	22411620584229776169977774080000000	-95425967	640000000
2	-1	26	13632281	320000000	-19068065057647409367859163257941	122968672080689825778237440000000
2	-1	27	40896843	640000000	-7527520834674466462443407712485869	44870663399906270816449331200000000
2	-1	28	25237998152131006718605201391973	365295250904320359970730147840000	-13632281	80000000
2	-1	29	13632281	160000000	-1669115028528318180831173786146619	9363919107051714977070055424000000
2	-1	30	13632281	128000000	-7485856776551124960951035278574999	40015860970563489947556249600000000
2	-1	31	1473632266572514378017963366904179	12099180080938285818361937920000000	-122690529	640000000
2	-1	32	40896843	320000000	-1158421367291868897771497796020973	5988698542541553288400076800000000
2	-1	33	95425967	640000000	-3435130301112304655245613815697749	17544080894578059194558054400000000
2	-1	34	13632281	80000000	-1088616635708369544330435194457261	5648510211174513435270447104000000
2	-1	35	4874547850770949982279094879196903	28266738631745276675075604480000000	-122690529	640000000
2	-1	36	1004983412150586852068113584423621	5245004771630338178306539520000000	-13632281	80000000
2	-1	37	122690529	640000000	-8420226807280596748895077447187	49561410395573691632058368000000
2	-1	38	295263228460137806209721437031473	1522320255519724778867916800000000	-95425967	640000000
2	-1	39	122690529	640000000	-313487271154968368396523092728923	2378918820461633968285941760000000
2	-1	40	13241401955945234843261995915526177	69269766934905100785428725760000000	-40896843	320000000
2	-1	41	1909306893628155992637039330279179	10359477978115924108781813760000000	-13632281	128000000
2	-1	42	8464594862983000990476153081114119	48221470023281360652185108480000000	-13632281	160000000
2	-1	43	13632281	80000000	-1207304933351247470871966164265287	16109133227365198294029434880000000
2	-1	44	507722063716329046943580188916787	3084066756138742711119249408000000	-40896843	640000000
2	-1	45	3226243141082800650466028558994809	21204791837989918766230667264000000	-13632281	320000000
2	-1	46	95425967	640000000	-2649593010775662608834750456789531	69779074925109060723151994880000000
2	-1	47	14048680541726161338716643288735113	102030315589064095006562713600000000	-13632281	640000000
2	-1	48	40896843	320000000	-187403960386755487830761701267489	24600036085471351697089495040000000
2	-1	49	11961378551681849082400692422255921	97994720713959864174714552320000000	0	1
2	-1	50	13632281	128000000	1525615219672069615251898745982209	77846026569418404841274736640000000
2	-1	51	9870747115607298880261881143001527	93926213906645132824260116480000000	13632281	640000000
2	-1	52	4634738008375847419186464343723337	53673104448496068758507356160000000	13632281	320000000
2	-1	53	13632281	160000000	2178719504670860563794234781791043	49694046326634450988281364480000000
2	-1	54	6803264329341925074464695142735253	103249961763495738046467276800000000	40896843	640000000
2	-1	55	40896843	640000000	6815941431745159619221563563561001	103448365890202054995036078080000000
2	-1	56	72294011330038544092313101575357	1652400194268414137262407680000000	13632281	160000000
2	-1	57	13632281	320000000	1626840689975554154709642096977	18859262110371266218793369600000
2	-1	58	13632281	640000000	4934042268948693062407743932871151	47039073229555421033204285440000000
2	-1	59	499910742532693677761052964503523	25838347262105589530052526080000000	13632281	128000000
2	-1	60	0	1	796440223047886003254263174035561	6539936861998022927656681472000000
2	-1	61	-118058647448921947007658234814569	14685550133163363656322252800000000	40896843	320000000
2	-1	62	-13632281	640000000	3504955828582943756809230868807203	25521542176858751567774351360000000
2	-1	63	-111581135602097606959241688423897	2890286732629941698449899520000000	95425967	640000000
2	-1	64	-13632281	320000000	4021584066608924716414275172339681	26507649313579331480662835200000000
2	-1	65	-40896843	640000000	7588608896708765528731691129542223	46264899256006102822514851840000000
2	-1	66	-303881662039613895870530472343829	3986820177972289367913267200000000	13632281	80000000
2	-1	67	-13632281	160000000	4214032377643113192688636577976621	24100302206337182257465262080000000
2	-1	68	-13632281	128000000	1519045114044153210377204519759929	8283557457942999637514256384000000
2	-1	69	-40896843	320000000	205403792294745884077206399415481	1081735167824068875848253440000000
2	-1	70	-1267800976334637326139650794590391	8935630663847439762414632960000000	122690529	640000000
2	-1	71	-95425967	640000000	7027797340819353226353214843802709	36491645450593050550662594560000000
2	-1	72	-267472439865061295848541239496003	1707318844720390574096515072000000	122690529	640000000
2	-1	73	-13632281	80000000	7919683498917168061822346572149917	41924541375112572656471244800000000
2	-1	74	-2512699404520479503675578077212981	13228314094984246088507064320000000	13632281	80000000
2	-1	75	-122690529	640000000	1773712613639068362948397077674573	10817362290117174884135075840000000
2	1	0	-879178524909781965525694200122673	4530295451810821181680910336000000	-3430919802484736809043686281298421	22651477259054105908404551680000000
2	1	1	-122690529	640000000	-1773712613639068362948397077674573	10817362290117174884135075840000000
2	1	2	-12233918763944969965453566459015993	64180367822138791538154536960000000	-10866848750140666797877715100791609	64180367822138791538154536960000000
2	1	3	-2512699404520479503675578077212981	13228314094984246088507064320000000	-13632281	80000000
2	1	4	-1029037792023955468193125154505203	5659821965799099010981560320000000	-1029037792023955468193125154505203	5659821965799099010981560320000000
2	1	5	-13632281	80000000	-7919683498917168061822346572149917	41924541375112572656471244800000000
2	1	6	-5405151780615990876228771520540637	32064467176448989432454840320000000	-1217627801955894802154896461311993	6412893435289797886490968064000000
2	1	7	-267472439865061295848541239496003	1707318844720390574096515072000000	-122690529	640000000
2	1	8	-3393723436848322751402285897634461	22616907608588643613225779200000000	-4357223561446192761228376955441821	22616907608588643613225779200000000
2	1	9	-95425967	640000000	-7027797340819353226353214843802709	36491645450593050550662594560000000
2	1	10	-1267800976334637326139650794590391	8935630663847439762414632960000000	-122690529	640000000
2	1	11	-40896843	320000000	-205403792294745884077206399415481	1081735167824068875848253440000000
2	1	12	-7084687126563413047156797537004627	56420306407330889975086448640000000	-2138003804422840564544292132856439	11284061281466177995017289728000000
2	1	13	-13632281	128000000	-1519045114044153210377204519759929	8283557457942999637514256384000000
2	1	14	-1225815450157569986662168462478833	13126756441837871987634995200000000	-2344238152868157657771348337479153	13126756441837871987634995200000000
2	1	15	-13632281	160000000	-4214032377643113192688636577976621	24100302206337182257465262080000000
2	1	16	-303881662039613895870530472343829	3986820177972289367913267200000000	-13632281	80000000
2	1	17	-40896843	640000000	-7588608896708765528731691129542223	46264899256006102822514851840000000
2	1	18	-167560170122613264084097977395629	3390675187094478082392719360000000	-528674521139796848205337842002349	3390675187094478082392719360000000
2	1	19	-13632281	320000000	-4021584066608924716414275172339681	26507649313579331480662835200000000
2	1	20	-111581135602097606959241688423897	2890286732629941698449899520000000	-95425967	640000000
2	1	21	-13632281	640000000	-3504955828582943756809230868807203	25521542176858751567774351360000000
2	1	22	-118058647448921947007658234814569	14685550133163363656322252800000000	-40896843	320000000
2	1	23	0	1	-796440223047886003254263174035561	6539936861998022927656681472000000
2	1	24	499910742532693677761052964503523	25838347262105589530052526080000000	-13632281	128000000
2	1	25	13632281	640000000	-4934042268948693062407743932871151	47039073229555421033204285440000000
2	1	26	5480015384673238036287659517349	163941097726357502123048960000000	-3094417757416914721616530595551	32788219545271500424609792000000
2	1	27	13632281	320000000	-1626840689975554154709642096977	18859262110371266218793369600000
2	1	28	72294011330038544092313101575357	1652400194268414137262407680000000	-13632281	160000000
2	1	29	40896843	640000000	-6815941431745159619221563563561001	103448365890202054995036078080000000
2	1	30	6803264329341925074464695142735253	103249961763495738046467276800000000	-40896843	640000000
2	1	31	13632281	160000000	-2178719504670860563794234781791043	49694046326634450988281364480000000
2	1	32	4634738008375847419186464343723337	53673104448496068758507356160000000	-13632281	320000000
2	1	33	573904385505800897049415584795017	6009717362224543349866496000000000	-194153325235671853344909908555383	6009717362224543349866496000000000
2	1	34	9870747115607298880261881143001527	93926213906645132824260116480000000	-13632281	640000000
2	1	35	13632281	128000000	-1525615219672069615251898745982209	77846026569418404841274736640000000
2	1	36	11961378551681849082400692422255921	97994720713959864174714552320000000	0	1
2	1	37	40896843	320000000	187403960386755487830761701267489	24600036085471351697089495040000000
2	1	38	14048680541726161338716643288735113	102030315589064095006562713600000000	13632281	640000000
2	1	39	95425967	640000000	2649593010775662608834750456789531	69779074925109060723151994880000000
2	1	40	3226243141082800650466028558994809	21204791837989918766230667264000000	13632281	320000000
2	1	41	6321905378888313391239898108615507	40231041231652840813342228480000000	2037211168009581981741852735134547	40231041231652840813342228480000000
2	1	42	507722063716329046943580188916787	3084066756138742711119249408000000	40896843	640000000
2	1	43	13632281	80000000	1207304933351247470871966164265287	16109133227365198294029434880000000
2	1	44	8464594862983000990476153081114119	48221470023281360652185108480000000	13632281	160000000
2	1	45	1170184193909145109819044699372091	6503579366194811794012241920000000	616067809998085265330988453788219	6503579366194811794012241920000000
2	1	46	1909306893628155992637039330279179	10359477978115924108781813760000000	13632281	128000000
2	1	47	10680181865816122268413227124658203	55909402236800370589764157440000000	284299896788752792089566450370643	2236376089472014823590566297600000
2	1	48	13241401955945234843261995915526177	69269766934905100785428725760000000	40896843	320000000
2	1	49	122690529	640000000	313487271154968368396523092728923	2378918820461633968285941760000000
2	1	50	295263228460137806209721437031473	1522320255519724778867916800000000	95425967	640000000
2	1	51	1634006525113406479529628655559593	8416271907046928231715307520000000	1275465951334438961274703080203177	8416271907046928231715307520000000
2	1	52	122690529	640000000	8420226807280596748895077447187	49561410395573691632058368000000
2	1	53	50752200354841624815699456916779	264830405044254459799011328000000	225555982251496450395033800634839	1324152025221272298995056640000000
2	1	54	1004983412150586852068113584423621	5245004771630338178306539520000000	13632281	80000000
2	1	55	12360989827523685634273092120437617	67322047240449934906884096000000000	12360989827523685634273092120437617	67322047240449934906884096000000000
2	1	56	4874547850770949982279094879196903	28266738631745276675075604480000000	122690529	640000000
2	1	57	6081585893776590353862758826397601	35519945831510447533231964160000000	1367635267092795906775293944532973	7103989166302089506646392832000000
2	1	58	13632281	80000000	1088616635708369544330435194457261	5648510211174513435270447104000000
2	1	59	5160049146715705031100030583320353	33643275489978431834580582400000000	6593282225590075864563618134634273	33643275489978431834580582400000000
2	1	60	95425967	640000000	3435130301112304655245613815697749	17544080894578059194558054400000000
2	1	61	206473794372980509019640887688213	1587167487006103437421051904000000	1539479436949224047613587911978089	7935837435030517187105259520000000
2	1	62	40896843	320000000	1158421367291868897771497796020973	5988698542541553288400076800000000
2	1	63	1473632266572514378017963366904179	12099180080938285818361937920000000	122690529	640000000
2	1	64	13632281	128000000	7485856776551124960951035278574999	40015860970563489947556249600000000
2	1	65	5159489109600692719204083298444861	51922610199750496831489966080000000	9583386687703598361057088712713789	51922610199750496831489966080000000
2	1	66	13632281	160000000	1669115028528318180831173786146619	9363919107051714977070055424000000
2	1	67	25237998152131006718605201391973	365295250904320359970730147840000	13632281	80000000
2	1	68	40896843	640000000	7527520834674466462443407712485869	44870663399906270816449331200000000
2	1	69	774801186472203690194886878322163	13360492230791280093864919040000000	2197722939507075429173581818912243	13360492230791280093864919040000000
2	1	70	13632281	320000000	19068065057647409367859163257941	122968672080689825778237440000000
2	1	71	749283837746045486829041502458567	22411620584229776169977774080000000	95425967	640000000
2	1	72	13632281	640000000	6996630431622470254132500422579819	49662749122667949255703920640000000
2	1	73	54586592492604167889078972314199	17823597012326472661828894720000000	40896843	320000000
2	1	74	0	1	5981676026424537697101310832771333	47658837326656374707155107840000000
2	1	75	-6813202803603956526941580090673	623030271151719783742832640000000	72811707144956397147197728826063	623030271151719783742832640000000
2	1	76	-13632281	640000000	46071252652465568345526266469391	425025294189994349722337280000000
2	1	77	-136649046335595891483081645263983	5810261097690513238004858880000000	13632281	128000000
2	1	78	-13632281	320000000	4691282042744133982929288963447299	52379860213753446533546639360000000
2	1	79	-1148049545652323821516157977044309	24267365755089130253304463360000000	13632281	160000000
2	1	80	-40896843	640000000	3484310346229208360840624216990113	50347893772450655744640942080000000
2	1	81	-583271249141904468117098080778481	8431275319694016803042754560000000	40896843	640000000
2	1	82	-13632281	160000000	1138393919394312531286883269620991	24156078605356453559617454080000000
2	1	83	-235163163697300780446841357691129	2631794683912674684631515136000000	13632281	320000000
2	1	84	-13632281	128000000	44550922455392855096405994585967	1928232162164532405128396800000000
2	1	85	-295320743778222206775469245298593	2733730505677312898728198144000000	13632281	640000000
2	1	86	-33166673757277905689481109427451	289596815726892776601681920000000	3844562199230421693372200004357	289596815726892776601681920000000
2	1	87	-2993460887932166619172039410710773	23965180198871588035310387200000000	0	1
2	1	88	-40896843	320000000	-23100811358410840436020862093117	5913574746266444813062635520000000
2	1	89	-7000226321527451190135345062034191	49948717115636923423585730560000000	-13632281	640000000
2	1	90	-95425967	640000000	-193304427887818325061370873493239	5578690946693918381278494720000000
2	1	91	-4005591336753733766874211699611907	25973144280220961241615564800000000	-13632281	320000000
2	1	92	-552935529695261699472312172009947	3410723782145922889825648640000000	-189685959292167919484536521480667	3410723782145922889825648640000000
2	1	93	-3763689187218737373532245349291073	22585225009084029650453135360000000	-40896843	640000000
2	1	94	-13632281	80000000	-1622013981104805247292088458575833	22728937999034963044524359680000000
2	1	95	-139092322291040148676567054342379	785532736417770031863037952000000	-13632281	160000000
2	1	96	-3203446356957908582903281496674811	17568902635608361882867466240000000	-1706544997018822363297416587039227	17568902635608361882867466240000000
2	1	97	-1247350469831605339895486155205093	6721453217443736385675591680000000	-13632281	128000000
2	1	98	-122690529	640000000	-11947346419774184944311343325019	94084918697067933304094720000000
2	1	99	-63347289435478990673068809282831	330042596726400011510743040000000	-40896843	320000000
2	1	100	-6879151067163118909187750118003	35826963111144424944435200000000	-4589760933533017194691109339763	35826963111144424944435200000000
2	1	101	-915886961715442332759222341263363	4721785129298620223844253696000000	-95425967	640000000
